,UKX Index,SPX Index,NKY Index,SMI Index,SX5E Index
UKX Index,1.0,0.5327600673673587,0.290780089417425,0.6277166690600231,0.7936626010499136
SPX Index,0.5327600673673587,1.0,0.25770188898186,0.39821867411206086,0.5707894054103603
NKY Index,0.290780089417425,0.25770188898186,1.0,0.3191744704739384,0.3531360497080426
SMI Index,0.6277166690600231,0.39821867411206086,0.3191744704739384,1.0,0.7266574504963472
SX5E Index,0.7936626010499136,0.5707894054103603,0.3531360497080426,0.7266574504963472,1.0
